{
  "classifier_lr": 0.0026348733546217337,
  "aggregator_lr": 3.897106403271666e-05,
  "embedding_lr": 5.361746455976553e-05,
  "lora_lr": 6.448397321731903e-05
}